{"cameraMode":{"drawMode":0,"name":"Shaded","section":"Shading Mode"},"sceneLighting":true,"audioPlay":false,"sceneViewState":{"m_AlwaysRefresh":false,"showFog":true,"showSkybox":true,"showFlares":true,"showImageEffects":true,"showParticleSystems":true,"showVisualEffectGraphs":true,"m_FxEnabled":true},"in2DMode":false,"pivot":{"x":0.7528566122055054,"y":1.9248987436294556,"z":-3.5565712451934816},"rotation":{"x":-0.05067141354084015,"y":0.4899592697620392,"z":0.02854359894990921,"w":0.8698053359985352},"size":0.4128800630569458,"orthographic":false}