{"cameraMode":{"drawMode":0,"name":"Shaded","section":"Shading Mode"},"sceneLighting":true,"audioPlay":false,"sceneViewState":{"m_AlwaysRefresh":false,"showFog":true,"showSkybox":true,"showFlares":true,"showImageEffects":true,"showParticleSystems":true,"showVisualEffectGraphs":true,"m_FxEnabled":true},"in2DMode":false,"pivot":{"x":-0.436174601316452,"y":1.9368852376937867,"z":4.611763954162598},"rotation":{"x":-0.07717902958393097,"y":0.16286203265190125,"z":-0.012781093828380108,"w":-0.9835489988327026},"size":1.0792253017425538,"orthographic":false}