{"cameraMode":{"drawMode":0,"name":"Shaded","section":"Shading Mode"},"sceneLighting":true,"audioPlay":false,"sceneViewState":{"m_AlwaysRefresh":false,"showFog":true,"showSkybox":true,"showFlares":true,"showImageEffects":true,"showParticleSystems":true,"showVisualEffectGraphs":true,"m_FxEnabled":true},"in2DMode":false,"pivot":{"x":0.6621832847595215,"y":-0.1085858941078186,"z":-0.5120940208435059},"rotation":{"x":0.009268329478800297,"y":0.9905601739883423,"z":-0.086705781519413,"w":0.10588167607784271},"size":0.9235725402832031,"orthographic":false}