{"cameraMode":{"drawMode":0,"name":"Shaded","section":"Shading Mode"},"sceneLighting":true,"audioPlay":false,"sceneViewState":{"m_AlwaysRefresh":false,"showFog":true,"showSkybox":true,"showFlares":true,"showImageEffects":true,"showParticleSystems":true,"showVisualEffectGraphs":true,"m_FxEnabled":true},"in2DMode":false,"pivot":{"x":0.9934750199317932,"y":1.6794298887252808,"z":15.957514762878418},"rotation":{"x":0.0764072984457016,"y":0.21397088468074799,"z":-0.016790127381682397,"w":0.9737122058868408},"size":8.976022720336914,"orthographic":false}