{"cameraMode":{"drawMode":0,"name":"Shaded","section":"Shading Mode"},"sceneLighting":true,"audioPlay":false,"sceneViewState":{"m_AlwaysRefresh":false,"showFog":true,"showSkybox":true,"showFlares":true,"showImageEffects":true,"showParticleSystems":true,"showVisualEffectGraphs":true,"m_FxEnabled":true},"in2DMode":false,"pivot":{"x":-3.2723605632781984,"y":1.9379509687423707,"z":0.2530578672885895},"rotation":{"x":0.12362275272607804,"y":0.6907461285591126,"z":-0.1216370165348053,"w":0.7020109295845032},"size":4.486387252807617,"orthographic":false}