{"cameraMode":{"drawMode":0,"name":"Shaded","section":"Shading Mode"},"sceneLighting":false,"audioPlay":false,"sceneViewState":{"m_AlwaysRefresh":false,"showFog":true,"showSkybox":true,"showFlares":true,"showImageEffects":true,"showParticleSystems":true,"showVisualEffectGraphs":true,"m_FxEnabled":true},"in2DMode":false,"pivot":{"x":0.42780545353889468,"y":1.9555095434188843,"z":0.5423817038536072},"rotation":{"x":0.004624651279300451,"y":-0.9843702912330627,"z":0.026150532066822053,"w":0.17408806085586549},"size":1.136705756187439,"orthographic":false}